<?xml version="1.0" encoding="UTF-8"?><ImplementationGuide xmlns="http://hl7.org/fhir"><id value="usdrugformulary-0.2.0"/><text><status value="generated"/><div xmlns="http://www.w3.org/1999/xhtml"><h2>US_Drug_Formularies</h2><p>The official URL for this implementation guide is: </p><pre>https://api-v8-r4.hspconsortium.org/DrugFormulary1/open/ImplementationGuide/usdrugformulary-0.2.0</pre></div></text><url value="https://api-v8-r4.hspconsortium.org/DrugFormulary1/open/ImplementationGuide/usdrugformulary-0.2.0"/><version value="0.2.0"/><name value="US_Drug_Formularies"/><title value="US Drug Formularies"/><status value="draft"/><packageId value="usdrugformulary"/><license value="CC0-1.0"/><fhirVersion value="4.0.0"/><definition><grouping><name value="Profiles in this Implementation Guide"/><description value="Profiles in this Implementation Guide"/></grouping><resource><extension url="http://hl7.org/fhir/StructureDefinition/implementationguide-page"><valueUri value="StructureDefinition-usdrugformulary-CoveragePlan.html"/></extension><reference><reference value="StructureDefinition/usdrugformulary-CoveragePlan"/></reference><name value="usdrugformulary-CoveragePlan"/><exampleBoolean value="false"/></resource><resource><extension url="http://hl7.org/fhir/StructureDefinition/implementationguide-page"><valueUri value="StructureDefinition-usdrugformulary-FormularyDrug.html"/></extension><reference><reference value="StructureDefinition/usdrugformulary-FormularyDrug"/></reference><name value="usdrugformulary-FormularyDrug"/><exampleBoolean value="false"/></resource><resource><extension url="http://hl7.org/fhir/StructureDefinition/implementationguide-page"><valueUri value="StructureDefinition-usdrugformulary-FormularyDrugOption2.html"/></extension><reference><reference value="StructureDefinition/usdrugformulary-FormularyDrugOption2"/></reference><name value="usdrugformulary-FormularyDrugOption2"/><exampleBoolean value="false"/></resource><resource><extension url="http://hl7.org/fhir/StructureDefinition/implementationguide-page"><valueUri value="StructureDefinition-usdrugformulary-CoInsuranceRate-extension.html"/></extension><reference><reference value="StructureDefinition/usdrugformulary-CoInsuranceRate-extension"/></reference><name value="usdrugformulary-CoInsuranceRate"/><exampleBoolean value="false"/></resource><resource><extension url="http://hl7.org/fhir/StructureDefinition/implementationguide-page"><valueUri value="StructureDefinition-usdrugformulary-CoinsuranceOption-extension.html"/></extension><reference><reference value="StructureDefinition/usdrugformulary-CoinsuranceOption-extension"/></reference><name value="usdrugformulary-CoinsuranceOption"/><exampleBoolean value="false"/></resource><resource><extension url="http://hl7.org/fhir/StructureDefinition/implementationguide-page"><valueUri value="StructureDefinition-usdrugformulary-CopayAmount-extension.html"/></extension><reference><reference value="StructureDefinition/usdrugformulary-CopayAmount-extension"/></reference><name value="usdrugformulary-CopayAmount"/><exampleBoolean value="false"/></resource><resource><extension url="http://hl7.org/fhir/StructureDefinition/implementationguide-page"><valueUri value="StructureDefinition-usdrugformulary-CopayOption-extension.html"/></extension><reference><reference value="StructureDefinition/usdrugformulary-CopayOption-extension"/></reference><name value="usdrugformulary-CopayOption"/><exampleBoolean value="false"/></resource><resource><extension url="http://hl7.org/fhir/StructureDefinition/implementationguide-page"><valueUri value="StructureDefinition-usdrugformulary-CostSharing-extension.html"/></extension><reference><reference value="StructureDefinition/usdrugformulary-CostSharing-extension"/></reference><name value="usdrugformulary-CostSharing"/><exampleBoolean value="false"/></resource><resource><extension url="http://hl7.org/fhir/StructureDefinition/implementationguide-page"><valueUri value="StructureDefinition-usdrugformulary-DrugClass-extension.html"/></extension><reference><reference value="StructureDefinition/usdrugformulary-DrugClass-extension"/></reference><name value="usdrugformulary-DrugClass"/><exampleBoolean value="false"/></resource><resource><extension url="http://hl7.org/fhir/StructureDefinition/implementationguide-page"><valueUri value="StructureDefinition-usdrugformulary-DrugTierDefinition-extension.html"/></extension><reference><reference value="StructureDefinition/usdrugformulary-DrugTierDefinition-extension"/></reference><name value="usdrugformulary-DrugTierDefinition"/><exampleBoolean value="false"/></resource><resource><extension url="http://hl7.org/fhir/StructureDefinition/implementationguide-page"><valueUri value="StructureDefinition-usdrugformulary-DrugTierID-extension.html"/></extension><reference><reference value="StructureDefinition/usdrugformulary-DrugTierID-extension"/></reference><name value="usdrugformulary-DrugTierID"/><exampleBoolean value="false"/></resource><resource><extension url="http://hl7.org/fhir/StructureDefinition/implementationguide-page"><valueUri value="StructureDefinition-usdrugformulary-EmailPlanContact-extension.html"/></extension><reference><reference value="StructureDefinition/usdrugformulary-EmailPlanContact-extension"/></reference><name value="usdrugformulary-EmailPlanContact"/><exampleBoolean value="false"/></resource><resource><extension url="http://hl7.org/fhir/StructureDefinition/implementationguide-page"><valueUri value="StructureDefinition-usdrugformulary-FormularyURL-extension.html"/></extension><reference><reference value="StructureDefinition/usdrugformulary-FormularyURL-extension"/></reference><name value="usdrugformulary-FormularyURL"/><exampleBoolean value="false"/></resource><resource><extension url="http://hl7.org/fhir/StructureDefinition/implementationguide-page"><valueUri value="StructureDefinition-usdrugformulary-MailOrder-extension.html"/></extension><reference><reference value="StructureDefinition/usdrugformulary-MailOrder-extension"/></reference><name value="usdrugformulary-MailOrder"/><exampleBoolean value="false"/></resource><resource><extension url="http://hl7.org/fhir/StructureDefinition/implementationguide-page"><valueUri value="StructureDefinition-usdrugformulary-MarketingURL-extension.html"/></extension><reference><reference value="StructureDefinition/usdrugformulary-MarketingURL-extension"/></reference><name value="usdrugformulary-MarketingURL"/><exampleBoolean value="false"/></resource><resource><extension url="http://hl7.org/fhir/StructureDefinition/implementationguide-page"><valueUri value="StructureDefinition-usdrugformulary-Network-extension.html"/></extension><reference><reference value="StructureDefinition/usdrugformulary-Network-extension"/></reference><name value="usdrugformulary-Network"/><exampleBoolean value="false"/></resource><resource><extension url="http://hl7.org/fhir/StructureDefinition/implementationguide-page"><valueUri value="StructureDefinition-usdrugformulary-PharmacyType-extension.html"/></extension><reference><reference value="StructureDefinition/usdrugformulary-PharmacyType-extension"/></reference><name value="usdrugformulary-PharmacyType"/><exampleBoolean value="false"/></resource><resource><extension url="http://hl7.org/fhir/StructureDefinition/implementationguide-page"><valueUri value="StructureDefinition-usdrugformulary-PlanID-extension.html"/></extension><reference><reference value="StructureDefinition/usdrugformulary-PlanID-extension"/></reference><name value="usdrugformulary-PlanID"/><exampleBoolean value="false"/></resource><resource><extension url="http://hl7.org/fhir/StructureDefinition/implementationguide-page"><valueUri value="StructureDefinition-usdrugformulary-PlanIDType-extension.html"/></extension><reference><reference value="StructureDefinition/usdrugformulary-PlanIDType-extension"/></reference><name value="usdrugformulary-PlanIDType"/><exampleBoolean value="false"/></resource><resource><extension url="http://hl7.org/fhir/StructureDefinition/implementationguide-page"><valueUri value="StructureDefinition-usdrugformulary-PriorAuthorization-extension.html"/></extension><reference><reference value="StructureDefinition/usdrugformulary-PriorAuthorization-extension"/></reference><name value="usdrugformulary-PriorAuthorization"/><exampleBoolean value="false"/></resource><resource><extension url="http://hl7.org/fhir/StructureDefinition/implementationguide-page"><valueUri value="StructureDefinition-usdrugformulary-QuantityLimit-extension.html"/></extension><reference><reference value="StructureDefinition/usdrugformulary-QuantityLimit-extension"/></reference><name value="usdrugformulary-QuantityLimit"/><exampleBoolean value="false"/></resource><resource><extension url="http://hl7.org/fhir/StructureDefinition/implementationguide-page"><valueUri value="StructureDefinition-usdrugformulary-StepTherapyLimit-extension.html"/></extension><reference><reference value="StructureDefinition/usdrugformulary-StepTherapyLimit-extension"/></reference><name value="usdrugformulary-StepTherapyLimit"/><exampleBoolean value="false"/></resource><resource><extension url="http://hl7.org/fhir/StructureDefinition/implementationguide-page"><valueUri value="ValueSet-usdrugformulary-CoinsuranceOptionVS.html"/></extension><reference><reference value="ValueSet/usdrugformulary-CoinsuranceOptionVS"/></reference><name value="CoinsuranceOptionVS"/><exampleBoolean value="false"/></resource><resource><extension url="http://hl7.org/fhir/StructureDefinition/implementationguide-page"><valueUri value="ValueSet-usdrugformulary-CopayOptionVS.html"/></extension><reference><reference value="ValueSet/usdrugformulary-CopayOptionVS"/></reference><name value="CopayOptionVS"/><exampleBoolean value="false"/></resource><resource><extension url="http://hl7.org/fhir/StructureDefinition/implementationguide-page"><valueUri value="ValueSet-usdrugformulary-DrugTierVS.html"/></extension><reference><reference value="ValueSet/usdrugformulary-DrugTierVS"/></reference><name value="DrugTierVS"/><exampleBoolean value="false"/></resource><resource><extension url="http://hl7.org/fhir/StructureDefinition/implementationguide-page"><valueUri value="ValueSet-usdrugformulary-PharmacyTypeVS.html"/></extension><reference><reference value="ValueSet/usdrugformulary-PharmacyTypeVS"/></reference><name value="PharmacyTypeVS"/><exampleBoolean value="false"/></resource><resource><extension url="http://hl7.org/fhir/StructureDefinition/implementationguide-page"><valueUri value="CodeSystem-usdrugformulary-CoinsuranceOptionCS.html"/></extension><reference><reference value="CodeSystem/usdrugformulary-CoinsuranceOptionCS"/></reference><name value="CoinsuranceOptionCS"/><exampleBoolean value="false"/></resource><resource><extension url="http://hl7.org/fhir/StructureDefinition/implementationguide-page"><valueUri value="CodeSystem-usdrugformulary-CopayOptionCS.html"/></extension><reference><reference value="CodeSystem/usdrugformulary-CopayOptionCS"/></reference><name value="CopayOptionCS"/><exampleBoolean value="false"/></resource><resource><extension url="http://hl7.org/fhir/StructureDefinition/implementationguide-page"><valueUri value="CodeSystem-usdrugformulary-DrugTierCS.html"/></extension><reference><reference value="CodeSystem/usdrugformulary-DrugTierCS"/></reference><name value="DrugTierCS"/><exampleBoolean value="false"/></resource><resource><extension url="http://hl7.org/fhir/StructureDefinition/implementationguide-page"><valueUri value="CodeSystem-usdrugformulary-PharmacyTypeCS.html"/></extension><reference><reference value="CodeSystem/usdrugformulary-PharmacyTypeCS"/></reference><name value="PharmacyTypeCS"/><exampleBoolean value="false"/></resource><resource><extension url="http://hl7.org/fhir/StructureDefinition/implementationguide-page"><valueUri value="List-covplanV1002.html"/></extension><reference><reference value="List/covplanV1002"/></reference><name value="Example: covplanV1002"/><exampleBoolean value="true"/></resource><resource><extension url="http://hl7.org/fhir/StructureDefinition/implementationguide-page"><valueUri value="List-covplanV2002.html"/></extension><reference><reference value="List/covplanV2002"/></reference><name value="Example: covplanV2002"/><exampleBoolean value="true"/></resource><resource><extension url="http://hl7.org/fhir/StructureDefinition/implementationguide-page"><valueUri value="MedicationKnowledge-formularydrugV1002.html"/></extension><reference><reference value="MedicationKnowledge/formularydrugV1002"/></reference><name value="Example: formularydrugV1002"/><exampleBoolean value="true"/></resource><resource><extension url="http://hl7.org/fhir/StructureDefinition/implementationguide-page"><valueUri value="Medication-formularydrugV2002.html"/></extension><reference><reference value="Medication/formularydrugV2002"/></reference><name value="Example: formularydrugV2002"/><exampleBoolean value="true"/></resource><page><nameUrl value="index.html"/><title value="US Drug Formularies"/><generation value="html"/></page></definition></ImplementationGuide>