<?xml version="1.0" encoding="UTF-8"?><StructureDefinition xmlns="http://hl7.org/fhir"><id value="usdrugformulary-CopayAmount-extension"/><text><status value="generated"/><div xmlns="http://www.w3.org/1999/xhtml">
  <p><b>CopayAmount Extension</b></p>
  <p>A standard, nominal fee charged for each prescription of a drug</p>
</div></text><url value="https://api-v8-r4.hspconsortium.org/DrugFormulary1/open/StructureDefinition/usdrugformulary-CopayAmount-extension"/><identifier><system value="https://api-v8-r4.hspconsortium.org/DrugFormulary1/open"/><value value="usdrugformulary.CopayAmount"/></identifier><version value="0.2.0"/><name value="CopayAmount"/><title value="usdrugformulary-CopayAmount"/><status value="draft"/><date value="2019-05-19T00:00:00-04:00"/><publisher value="The MITRE Corporation"/><contact><telecom><system value="url"/><value value="http://www.standardhealthrecord.org"/></telecom></contact><description value="A standard, nominal fee charged for each prescription of a drug"/><fhirVersion value="4.0.0"/><kind value="complex-type"/><abstract value="false"/><context><type value="element"/><expression value="*"/></context><type value="Extension"/><baseDefinition value="http://hl7.org/fhir/StructureDefinition/Extension"/><derivation value="constraint"/><snapshot><element id="Extension:copayamount"><path value="Extension"/><short value="CopayAmount"/><definition value="A standard, nominal fee charged for each prescription of a drug"/><min value="0"/><max value="*"/><base><path value="Extension"/><min value="0"/><max value="1"/></base><condition value="ele-1"/><constraint><key value="ele-1"/><severity value="error"/><human value="All FHIR elements must have a @value or children"/><expression value="children().count() &gt; id.count()"/><xpath value="@value|f:*|h:div"/><source value="Element"/></constraint><constraint><key value="ext-1"/><severity value="error"/><human value="Must have either extensions or value[x], not both"/><expression value="extension.exists() != value.exists()"/><xpath value="exists(f:extension)!=exists(f:*[starts-with(local-name(.), &#39;value&#39;)])"/><source value="Extension"/></constraint></element><element id="Extension:copayamount.id"><path value="Extension.id"/><representation value="xmlAttr"/><short value="xml:id (or equivalent in JSON)"/><definition value="unique id for the element within a resource (for internal references). This may be any string value that does not contain spaces."/><min value="0"/><max value="1"/><base><path value="Element.id"/><min value="0"/><max value="1"/></base><type><code value="string"/></type><mapping><identity value="rim"/><map value="N/A"/></mapping></element><element id="Extension:copayamount.extension:extension"><path value="Extension.extension"/><short value="Extension"/><definition value="An Extension"/><min value="0"/><max value="0"/><base><path value="Element.extension"/><min value="0"/><max value="*"/></base><type><code value="Extension"/></type></element><element id="Extension:copayamount.url"><path value="Extension.url"/><representation value="xmlAttr"/><short value="identifies the meaning of the extension"/><definition value="Source of the definition for the extension code - a logical name or a URL."/><min value="1"/><max value="1"/><base><path value="Extension.url"/><min value="1"/><max value="1"/></base><type><code value="uri"/></type><fixedUri value="https://api-v8-r4.hspconsortium.org/DrugFormulary1/open/StructureDefinition/usdrugformulary-CopayAmount-extension"/><mapping><identity value="rim"/><map value="N/A"/></mapping></element><element id="Extension:copayamount.valueDecimal"><path value="Extension.valueDecimal"/><short value="Value of extension"/><definition value="Value of extension - may be a resource or one of a constrained set of the data types (see Extensibility in the spec for list)."/><min value="1"/><max value="1"/><base><path value="Extension.value[x]"/><min value="0"/><max value="1"/></base><type><code value="decimal"/></type><mapping><identity value="rim"/><map value="N/A"/></mapping></element></snapshot><differential><element id="Extension:copayamount"><path value="Extension"/><short value="CopayAmount"/><definition value="A standard, nominal fee charged for each prescription of a drug"/><min value="0"/><max value="*"/></element><element id="Extension:copayamount.extension:extension"><path value="Extension.extension"/><max value="0"/></element><element id="Extension:copayamount.url"><path value="Extension.url"/><type><code value="uri"/></type><fixedUri value="https://api-v8-r4.hspconsortium.org/DrugFormulary1/open/StructureDefinition/usdrugformulary-CopayAmount-extension"/></element><element id="Extension:copayamount.valueDecimal"><path value="Extension.valueDecimal"/><min value="1"/><type><code value="decimal"/></type></element></differential></StructureDefinition>