<?xml version="1.0" encoding="UTF-8"?>

<StructureDefinition xmlns="http://hl7.org/fhir">
  <id value="usdrugformulary-CostSharing-extension"/>
  <text>
    <status value="generated"/><div xmlns="http://www.w3.org/1999/xhtml">
  <p><b>CostSharing Extension</b></p>
  <p/>
</div>
  </text>
  <url value="https://api-v8-r4.hspconsortium.org/DrugFormulary1/open/StructureDefinition/usdrugformulary-CostSharing-extension"/>
  <identifier>
    <system value="https://api-v8-r4.hspconsortium.org/DrugFormulary1/open"/>
    <value value="usdrugformulary.CostSharing"/>
  </identifier>
  <version value="0.2.0"/>
  <name value="CostSharing"/>
  <title value="usdrugformulary-CostSharing"/>
  <status value="draft"/>
  <date value="2019-05-19T00:00:00-04:00"/>
  <publisher value="The MITRE Corporation"/>
  <contact>
    <telecom>
      <system value="url"/>
      <value value="http://www.standardhealthrecord.org"/>
    </telecom>
  </contact>
  <fhirVersion value="4.0.0"/>
  <kind value="complex-type"/>
  <abstract value="false"/>
  <context>
    <type value="element"/>
    <expression value="*"/>
  </context>
  <type value="Extension"/>
  <baseDefinition value="http://hl7.org/fhir/StructureDefinition/Extension"/>
  <derivation value="constraint"/>
  <snapshot>
    <element id="Extension:costsharing">
      <path value="Extension"/>
      <short value="CostSharing"/>
      <definition value="CostSharing"/>
      <min value="0"/>
      <max value="*"/>
      <base>
        <path value="Extension"/>
        <min value="0"/>
        <max value="1"/>
      </base>
      <condition value="ele-1"/>
      <constraint>
        <key value="ele-1"/>
        <severity value="error"/>
        <human value="All FHIR elements must have a @value or children"/>
        <expression value="children().count() &gt; id.count()"/>
        <xpath value="@value|f:*|h:div"/>
        <source value="Element"/>
      </constraint>
      <constraint>
        <key value="ext-1"/>
        <severity value="error"/>
        <human value="Must have either extensions or value[x], not both"/>
        <expression value="extension.exists() != value.exists()"/>
        <xpath value="exists(f:extension)!=exists(f:*[starts-with(local-name(.), &#39;value&#39;)])"/>
        <source value="Extension"/>
      </constraint>
    </element>
    <element id="Extension:costsharing.id">
      <path value="Extension.id"/>
      <representation value="xmlAttr"/>
      <short value="xml:id (or equivalent in JSON)"/>
      <definition value="unique id for the element within a resource (for internal references). This may be any string value that does not contain spaces."/>
      <min value="0"/>
      <max value="1"/>
      <base>
        <path value="Element.id"/>
        <min value="0"/>
        <max value="1"/>
      </base>
      <type>
        <code value="string"/>
      </type>
      <mapping>
        <identity value="rim"/>
        <map value="N/A"/>
      </mapping>
    </element>
    <element id="Extension:costsharing.extension">
      <path value="Extension.extension"/>
      <slicing id="1">
        <discriminator>
          <type value="value"/>
          <path value="url"/>
        </discriminator>
        <ordered value="false"/>
        <rules value="open"/>
      </slicing>
      <short value="Extension"/>
      <definition value="An Extension"/>
      <min value="4"/>
      <max value="*"/>
      <base>
        <path value="Element.extension"/>
        <min value="0"/>
        <max value="*"/>
      </base>
      <type>
        <code value="Extension"/>
      </type>
    </element>
    <element id="Extension:costsharing.extension:pharmacytype">
      <path value="Extension.extension"/>
      <sliceName value="pharmacytype"/>
      <definition value="A code for the general payment network status."/>
      <min value="1"/>
      <max value="1"/>
      <base>
        <path value="Extension.extension"/>
        <min value="0"/>
        <max value="1"/>
      </base>
      <type>
        <code value="Extension"/>
        <profile value="https://api-v8-r4.hspconsortium.org/DrugFormulary1/open/StructureDefinition/usdrugformulary-PharmacyType-extension"/>
      </type>
      <isModifier value="false"/>
      <mapping>
        <identity value="rim"/>
        <map value="N/A"/>
      </mapping>
    </element>
    <element id="Extension:costsharing.extension:copayamount">
      <path value="Extension.extension"/>
      <sliceName value="copayamount"/>
      <definition value="A standard, nominal fee charged for each prescription of a drug"/>
      <min value="1"/>
      <max value="1"/>
      <base>
        <path value="Extension.extension"/>
        <min value="0"/>
        <max value="1"/>
      </base>
      <type>
        <code value="Extension"/>
        <profile value="https://api-v8-r4.hspconsortium.org/DrugFormulary1/open/StructureDefinition/usdrugformulary-CopayAmount-extension"/>
      </type>
      <isModifier value="false"/>
      <mapping>
        <identity value="rim"/>
        <map value="N/A"/>
      </mapping>
    </element>
    <element id="Extension:costsharing.extension:copayoption">
      <path value="Extension.extension"/>
      <sliceName value="copayoption"/>
      <definition value="Copay Description"/>
      <min value="1"/>
      <max value="1"/>
      <base>
        <path value="Extension.extension"/>
        <min value="0"/>
        <max value="1"/>
      </base>
      <type>
        <code value="Extension"/>
        <profile value="https://api-v8-r4.hspconsortium.org/DrugFormulary1/open/StructureDefinition/usdrugformulary-CopayOption-extension"/>
      </type>
      <isModifier value="false"/>
      <mapping>
        <identity value="rim"/>
        <map value="N/A"/>
      </mapping>
    </element>
    <element id="Extension:costsharing.extension:coinsurancerate">
      <path value="Extension.extension"/>
      <sliceName value="coinsurancerate"/>
      <definition value="A fee charged for each prescription of a drug, expressed as a percentage of that drug&#39;s overall cost"/>
      <min value="1"/>
      <max value="1"/>
      <base>
        <path value="Extension.extension"/>
        <min value="0"/>
        <max value="1"/>
      </base>
      <type>
        <code value="Extension"/>
        <profile value="https://api-v8-r4.hspconsortium.org/DrugFormulary1/open/StructureDefinition/usdrugformulary-CoInsuranceRate-extension"/>
      </type>
      <isModifier value="false"/>
      <mapping>
        <identity value="rim"/>
        <map value="N/A"/>
      </mapping>
    </element>
    <element id="Extension:costsharing.extension:coinsuranceoption">
      <path value="Extension.extension"/>
      <sliceName value="coinsuranceoption"/>
      <definition value="CoinsuranceDescription"/>
      <min value="0"/>
      <max value="1"/>
      <base>
        <path value="Extension.extension"/>
        <min value="0"/>
        <max value="1"/>
      </base>
      <type>
        <code value="Extension"/>
        <profile value="https://api-v8-r4.hspconsortium.org/DrugFormulary1/open/StructureDefinition/usdrugformulary-CoinsuranceOption-extension"/>
      </type>
      <isModifier value="false"/>
      <mapping>
        <identity value="rim"/>
        <map value="N/A"/>
      </mapping>
    </element>
    <element id="Extension:costsharing.url">
      <path value="Extension.url"/>
      <representation value="xmlAttr"/>
      <short value="identifies the meaning of the extension"/>
      <definition value="Source of the definition for the extension code - a logical name or a URL."/>
      <min value="1"/>
      <max value="1"/>
      <base>
        <path value="Extension.url"/>
        <min value="1"/>
        <max value="1"/>
      </base>
      <type>
        <code value="uri"/>
      </type>
      <fixedUri value="https://api-v8-r4.hspconsortium.org/DrugFormulary1/open/StructureDefinition/usdrugformulary-CostSharing-extension"/>
      <mapping>
        <identity value="rim"/>
        <map value="N/A"/>
      </mapping>
    </element>
    <element id="Extension:costsharing.value[x]">
      <path value="Extension.value[x]"/>
      <short value="Value of extension"/>
      <definition value="Value of extension - may be a resource or one of a constrained set of the data types (see Extensibility in the spec for list)."/>
      <min value="0"/>
      <max value="0"/>
      <base>
        <path value="Extension.value[x]"/>
        <min value="0"/>
        <max value="1"/>
      </base>
      <type>
        <code value="base64Binary"/>
      </type>
      <type>
        <code value="boolean"/>
      </type>
      <type>
        <code value="code"/>
      </type>
      <type>
        <code value="date"/>
      </type>
      <type>
        <code value="dateTime"/>
      </type>
      <type>
        <code value="decimal"/>
      </type>
      <type>
        <code value="id"/>
      </type>
      <type>
        <code value="instant"/>
      </type>
      <type>
        <code value="integer"/>
      </type>
      <type>
        <code value="markdown"/>
      </type>
      <type>
        <code value="oid"/>
      </type>
      <type>
        <code value="positiveInt"/>
      </type>
      <type>
        <code value="string"/>
      </type>
      <type>
        <code value="time"/>
      </type>
      <type>
        <code value="unsignedInt"/>
      </type>
      <type>
        <code value="uri"/>
      </type>
      <type>
        <code value="Address"/>
      </type>
      <type>
        <code value="Age"/>
      </type>
      <type>
        <code value="Annotation"/>
      </type>
      <type>
        <code value="Attachment"/>
      </type>
      <type>
        <code value="CodeableConcept"/>
      </type>
      <type>
        <code value="Coding"/>
      </type>
      <type>
        <code value="ContactPoint"/>
      </type>
      <type>
        <code value="Count"/>
      </type>
      <type>
        <code value="Distance"/>
      </type>
      <type>
        <code value="Duration"/>
      </type>
      <type>
        <code value="HumanName"/>
      </type>
      <type>
        <code value="Identifier"/>
      </type>
      <type>
        <code value="Money"/>
      </type>
      <type>
        <code value="Period"/>
      </type>
      <type>
        <code value="Quantity"/>
      </type>
      <type>
        <code value="Range"/>
      </type>
      <type>
        <code value="Ratio"/>
      </type>
      <type>
        <code value="Reference"/>
      </type>
      <type>
        <code value="SampledData"/>
      </type>
      <type>
        <code value="Signature"/>
      </type>
      <type>
        <code value="Timing"/>
      </type>
      <type>
        <code value="Meta"/>
      </type>
      <mapping>
        <identity value="rim"/>
        <map value="N/A"/>
      </mapping>
    </element>
  </snapshot>
  <differential>
    <element id="Extension:costsharing">
      <path value="Extension"/>
      <short value="CostSharing"/>
      <definition value="CostSharing"/>
      <min value="0"/>
      <max value="*"/>
    </element>
    <element id="Extension:costsharing.extension">
      <path value="Extension.extension"/>
      <min value="4"/>
      <max value="*"/>
    </element>
    <element id="Extension:costsharing.extension:pharmacytype">
      <path value="Extension.extension"/>
      <sliceName value="pharmacytype"/>
      <definition value="A code for the general payment network status."/>
      <min value="1"/>
      <max value="1"/>
      <type>
        <code value="Extension"/>
        <profile value="https://api-v8-r4.hspconsortium.org/DrugFormulary1/open/StructureDefinition/usdrugformulary-PharmacyType-extension"/>
      </type>
    </element>
    <element id="Extension:costsharing.extension:copayamount">
      <path value="Extension.extension"/>
      <sliceName value="copayamount"/>
      <definition value="A standard, nominal fee charged for each prescription of a drug"/>
      <min value="1"/>
      <max value="1"/>
      <type>
        <code value="Extension"/>
        <profile value="https://api-v8-r4.hspconsortium.org/DrugFormulary1/open/StructureDefinition/usdrugformulary-CopayAmount-extension"/>
      </type>
    </element>
    <element id="Extension:costsharing.extension:copayoption">
      <path value="Extension.extension"/>
      <sliceName value="copayoption"/>
      <definition value="Copay Description"/>
      <min value="1"/>
      <max value="1"/>
      <type>
        <code value="Extension"/>
        <profile value="https://api-v8-r4.hspconsortium.org/DrugFormulary1/open/StructureDefinition/usdrugformulary-CopayOption-extension"/>
      </type>
    </element>
    <element id="Extension:costsharing.extension:coinsurancerate">
      <path value="Extension.extension"/>
      <sliceName value="coinsurancerate"/>
      <definition value="A fee charged for each prescription of a drug, expressed as a percentage of that drug&#39;s overall cost"/>
      <min value="1"/>
      <max value="1"/>
      <type>
        <code value="Extension"/>
        <profile value="https://api-v8-r4.hspconsortium.org/DrugFormulary1/open/StructureDefinition/usdrugformulary-CoInsuranceRate-extension"/>
      </type>
    </element>
    <element id="Extension:costsharing.extension:coinsuranceoption">
      <path value="Extension.extension"/>
      <sliceName value="coinsuranceoption"/>
      <definition value="CoinsuranceDescription"/>
      <min value="0"/>
      <max value="1"/>
      <type>
        <code value="Extension"/>
        <profile value="https://api-v8-r4.hspconsortium.org/DrugFormulary1/open/StructureDefinition/usdrugformulary-CoinsuranceOption-extension"/>
      </type>
    </element>
    <element id="Extension:costsharing.url">
      <path value="Extension.url"/>
      <type>
        <code value="uri"/>
      </type>
      <fixedUri value="https://api-v8-r4.hspconsortium.org/DrugFormulary1/open/StructureDefinition/usdrugformulary-CostSharing-extension"/>
    </element>
    <element id="Extension:costsharing.value[x]">
      <path value="Extension.value[x]"/>
      <min value="0"/>
      <max value="0"/>
    </element>
  </differential>
</StructureDefinition>