{"resourceType":"StructureDefinition","id":"usdrugformulary-CostSharing-extension","text":{"status":"generated","div":"<div xmlns=\"http://www.w3.org/1999/xhtml\">\n  <p><b>CostSharing Extension</b></p>\n  <p/>\n</div>"},"url":"https://api-v8-r4.hspconsortium.org/DrugFormulary1/open/StructureDefinition/usdrugformulary-CostSharing-extension","identifier":[{"system":"https://api-v8-r4.hspconsortium.org/DrugFormulary1/open","value":"usdrugformulary.CostSharing"}],"version":"0.2.0","name":"CostSharing","title":"usdrugformulary-CostSharing","status":"draft","date":"2019-05-19T00:00:00-04:00","publisher":"The MITRE Corporation","contact":[{"telecom":[{"system":"url","value":"http://www.standardhealthrecord.org"}]}],"fhirVersion":"4.0.0","kind":"complex-type","abstract":false,"contextType":"datatype","context":["*"],"type":"Extension","baseDefinition":"http://hl7.org/fhir/StructureDefinition/Extension","derivation":"constraint","snapshot":{"element":[{"id":"Extension:costsharing","path":"Extension","short":"CostSharing","definition":"CostSharing","min":0,"max":"*","base":{"path":"Extension","min":0,"max":"1"},"condition":["ele-1"],"constraint":[{"key":"ele-1","severity":"error","human":"All FHIR elements must have a @value or children","expression":"children().count() > id.count()","xpath":"@value|f:*|h:div","source":"Element"},{"key":"ext-1","severity":"error","human":"Must have either extensions or value[x], not both","expression":"extension.exists() != value.exists()","xpath":"exists(f:extension)!=exists(f:*[starts-with(local-name(.), 'value')])","source":"Extension"}]},{"id":"Extension:costsharing.id","path":"Extension.id","representation":["xmlAttr"],"short":"xml:id (or equivalent in JSON)","definition":"unique id for the element within a resource (for internal references). This may be any string value that does not contain spaces.","min":0,"max":"1","base":{"path":"Element.id","min":0,"max":"1"},"type":[{"code":"string"}],"mapping":[{"identity":"rim","map":"N/A"}]},{"id":"Extension:costsharing.extension","path":"Extension.extension","slicing":{"id":"1","discriminator":[{"type":"value","path":"url"}],"ordered":false,"rules":"open"},"short":"Extension","definition":"An Extension","min":4,"max":"*","base":{"path":"Element.extension","min":0,"max":"*"},"type":[{"code":"Extension"}]},{"id":"Extension:costsharing.extension:pharmacytype","path":"Extension.extension","sliceName":"pharmacytype","definition":"A code for the general payment network status.","min":1,"max":"1","base":{"path":"Extension.extension","min":0,"max":"1"},"type":[{"code":"Extension","profile":"https://api-v8-r4.hspconsortium.org/DrugFormulary1/open/StructureDefinition/usdrugformulary-PharmacyType-extension"}],"isModifier":false,"mapping":[{"identity":"rim","map":"N/A"}]},{"id":"Extension:costsharing.extension:copayamount","path":"Extension.extension","sliceName":"copayamount","definition":"A standard, nominal fee charged for each prescription of a drug","min":1,"max":"1","base":{"path":"Extension.extension","min":0,"max":"1"},"type":[{"code":"Extension","profile":"https://api-v8-r4.hspconsortium.org/DrugFormulary1/open/StructureDefinition/usdrugformulary-CopayAmount-extension"}],"isModifier":false,"mapping":[{"identity":"rim","map":"N/A"}]},{"id":"Extension:costsharing.extension:copayoption","path":"Extension.extension","sliceName":"copayoption","definition":"Copay Description","min":1,"max":"1","base":{"path":"Extension.extension","min":0,"max":"1"},"type":[{"code":"Extension","profile":"https://api-v8-r4.hspconsortium.org/DrugFormulary1/open/StructureDefinition/usdrugformulary-CopayOption-extension"}],"isModifier":false,"mapping":[{"identity":"rim","map":"N/A"}]},{"id":"Extension:costsharing.extension:coinsurancerate","path":"Extension.extension","sliceName":"coinsurancerate","definition":"A fee charged for each prescription of a drug, expressed as a percentage of that drug's overall cost","min":1,"max":"1","base":{"path":"Extension.extension","min":0,"max":"1"},"type":[{"code":"Extension","profile":"https://api-v8-r4.hspconsortium.org/DrugFormulary1/open/StructureDefinition/usdrugformulary-CoInsuranceRate-extension"}],"isModifier":false,"mapping":[{"identity":"rim","map":"N/A"}]},{"id":"Extension:costsharing.extension:coinsuranceoption","path":"Extension.extension","sliceName":"coinsuranceoption","definition":"CoinsuranceDescription","min":0,"max":"1","base":{"path":"Extension.extension","min":0,"max":"1"},"type":[{"code":"Extension","profile":"https://api-v8-r4.hspconsortium.org/DrugFormulary1/open/StructureDefinition/usdrugformulary-CoinsuranceOption-extension"}],"isModifier":false,"mapping":[{"identity":"rim","map":"N/A"}]},{"id":"Extension:costsharing.url","path":"Extension.url","representation":["xmlAttr"],"short":"identifies the meaning of the extension","definition":"Source of the definition for the extension code - a logical name or a URL.","min":1,"max":"1","base":{"path":"Extension.url","min":1,"max":"1"},"type":[{"code":"uri"}],"fixedUri":"https://api-v8-r4.hspconsortium.org/DrugFormulary1/open/StructureDefinition/usdrugformulary-CostSharing-extension","mapping":[{"identity":"rim","map":"N/A"}]},{"id":"Extension:costsharing.value[x]","path":"Extension.value[x]","short":"Value of extension","definition":"Value of extension - may be a resource or one of a constrained set of the data types (see Extensibility in the spec for list).","min":0,"max":"0","base":{"path":"Extension.value[x]","min":0,"max":"1"},"type":[{"code":"base64Binary"},{"code":"boolean"},{"code":"code"},{"code":"date"},{"code":"dateTime"},{"code":"decimal"},{"code":"id"},{"code":"instant"},{"code":"integer"},{"code":"markdown"},{"code":"oid"},{"code":"positiveInt"},{"code":"string"},{"code":"time"},{"code":"unsignedInt"},{"code":"uri"},{"code":"Address"},{"code":"Age"},{"code":"Annotation"},{"code":"Attachment"},{"code":"CodeableConcept"},{"code":"Coding"},{"code":"ContactPoint"},{"code":"Count"},{"code":"Distance"},{"code":"Duration"},{"code":"HumanName"},{"code":"Identifier"},{"code":"Money"},{"code":"Period"},{"code":"Quantity"},{"code":"Range"},{"code":"Ratio"},{"code":"Reference"},{"code":"SampledData"},{"code":"Signature"},{"code":"Timing"},{"code":"Meta"}],"mapping":[{"identity":"rim","map":"N/A"}]}]},"differential":{"element":[{"id":"Extension:costsharing","path":"Extension","short":"CostSharing","definition":"CostSharing","min":0,"max":"*"},{"id":"Extension:costsharing.extension","path":"Extension.extension","min":4,"max":"*"},{"id":"Extension:costsharing.extension:pharmacytype","path":"Extension.extension","sliceName":"pharmacytype","definition":"A code for the general payment network status.","min":1,"max":"1","type":[{"code":"Extension","profile":"https://api-v8-r4.hspconsortium.org/DrugFormulary1/open/StructureDefinition/usdrugformulary-PharmacyType-extension"}]},{"id":"Extension:costsharing.extension:copayamount","path":"Extension.extension","sliceName":"copayamount","definition":"A standard, nominal fee charged for each prescription of a drug","min":1,"max":"1","type":[{"code":"Extension","profile":"https://api-v8-r4.hspconsortium.org/DrugFormulary1/open/StructureDefinition/usdrugformulary-CopayAmount-extension"}]},{"id":"Extension:costsharing.extension:copayoption","path":"Extension.extension","sliceName":"copayoption","definition":"Copay Description","min":1,"max":"1","type":[{"code":"Extension","profile":"https://api-v8-r4.hspconsortium.org/DrugFormulary1/open/StructureDefinition/usdrugformulary-CopayOption-extension"}]},{"id":"Extension:costsharing.extension:coinsurancerate","path":"Extension.extension","sliceName":"coinsurancerate","definition":"A fee charged for each prescription of a drug, expressed as a percentage of that drug's overall cost","min":1,"max":"1","type":[{"code":"Extension","profile":"https://api-v8-r4.hspconsortium.org/DrugFormulary1/open/StructureDefinition/usdrugformulary-CoInsuranceRate-extension"}]},{"id":"Extension:costsharing.extension:coinsuranceoption","path":"Extension.extension","sliceName":"coinsuranceoption","definition":"CoinsuranceDescription","min":0,"max":"1","type":[{"code":"Extension","profile":"https://api-v8-r4.hspconsortium.org/DrugFormulary1/open/StructureDefinition/usdrugformulary-CoinsuranceOption-extension"}]},{"id":"Extension:costsharing.url","path":"Extension.url","type":[{"code":"uri"}],"fixedUri":"https://api-v8-r4.hspconsortium.org/DrugFormulary1/open/StructureDefinition/usdrugformulary-CostSharing-extension"},{"id":"Extension:costsharing.value[x]","path":"Extension.value[x]","min":0,"max":"0"}]}}