{
  "resourceType": "StructureDefinition",
  "id": "usdrugformulary-CopayAmount-extension",
  "text": {
    "status": "generated",
    "div": "<div xmlns=\"http://www.w3.org/1999/xhtml\">\n  <p><b>CopayAmount Extension</b></p>\n  <p>A standard, nominal fee charged for each prescription of a drug</p>\n</div>"
  },
  "url": "https://api-v8-r4.hspconsortium.org/DrugFormulary1/open/StructureDefinition/usdrugformulary-CopayAmount-extension",
  "identifier": [
    {
      "system": "https://api-v8-r4.hspconsortium.org/DrugFormulary1/open",
      "value": "usdrugformulary.CopayAmount"
    }
  ],
  "version": "0.2.0",
  "name": "CopayAmount",
  "title": "usdrugformulary-CopayAmount",
  "status": "draft",
  "date": "2019-05-19T00:00:00-04:00",
  "publisher": "The MITRE Corporation",
  "contact": [
    {
      "telecom": [
        {
          "system": "url",
          "value": "http://www.standardhealthrecord.org"
        }
      ]
    }
  ],
  "description": "A standard, nominal fee charged for each prescription of a drug",
  "fhirVersion": "4.0.0",
  "kind": "complex-type",
  "abstract": false,
  "context": [
    {
      "type": "element",
      "expression": "*"
    }
  ],
  "type": "Extension",
  "baseDefinition": "http://hl7.org/fhir/StructureDefinition/Extension",
  "derivation": "constraint",
  "snapshot": {
    "element": [
      {
        "id": "Extension:copayamount",
        "path": "Extension",
        "short": "CopayAmount",
        "definition": "A standard, nominal fee charged for each prescription of a drug",
        "min": 0,
        "max": "*",
        "base": {
          "path": "Extension",
          "min": 0,
          "max": "1"
        },
        "condition": [
          "ele-1"
        ],
        "constraint": [
          {
            "key": "ele-1",
            "severity": "error",
            "human": "All FHIR elements must have a @value or children",
            "expression": "children().count() > id.count()",
            "xpath": "@value|f:*|h:div",
            "source": "Element"
          },
          {
            "key": "ext-1",
            "severity": "error",
            "human": "Must have either extensions or value[x], not both",
            "expression": "extension.exists() != value.exists()",
            "xpath": "exists(f:extension)!=exists(f:*[starts-with(local-name(.), 'value')])",
            "source": "Extension"
          }
        ]
      },
      {
        "id": "Extension:copayamount.id",
        "path": "Extension.id",
        "representation": [
          "xmlAttr"
        ],
        "short": "xml:id (or equivalent in JSON)",
        "definition": "unique id for the element within a resource (for internal references). This may be any string value that does not contain spaces.",
        "min": 0,
        "max": "1",
        "base": {
          "path": "Element.id",
          "min": 0,
          "max": "1"
        },
        "type": [
          {
            "code": "string"
          }
        ],
        "mapping": [
          {
            "identity": "rim",
            "map": "N/A"
          }
        ]
      },
      {
        "id": "Extension:copayamount.extension:extension",
        "path": "Extension.extension",
        "short": "Extension",
        "definition": "An Extension",
        "min": 0,
        "max": "0",
        "base": {
          "path": "Element.extension",
          "min": 0,
          "max": "*"
        },
        "type": [
          {
            "code": "Extension"
          }
        ]
      },
      {
        "id": "Extension:copayamount.url",
        "path": "Extension.url",
        "representation": [
          "xmlAttr"
        ],
        "short": "identifies the meaning of the extension",
        "definition": "Source of the definition for the extension code - a logical name or a URL.",
        "min": 1,
        "max": "1",
        "base": {
          "path": "Extension.url",
          "min": 1,
          "max": "1"
        },
        "type": [
          {
            "code": "uri"
          }
        ],
        "fixedUri": "https://api-v8-r4.hspconsortium.org/DrugFormulary1/open/StructureDefinition/usdrugformulary-CopayAmount-extension",
        "mapping": [
          {
            "identity": "rim",
            "map": "N/A"
          }
        ]
      },
      {
        "id": "Extension:copayamount.valueDecimal",
        "path": "Extension.valueDecimal",
        "short": "Value of extension",
        "definition": "Value of extension - may be a resource or one of a constrained set of the data types (see Extensibility in the spec for list).",
        "min": 1,
        "max": "1",
        "base": {
          "path": "Extension.value[x]",
          "min": 0,
          "max": "1"
        },
        "type": [
          {
            "code": "decimal"
          }
        ],
        "mapping": [
          {
            "identity": "rim",
            "map": "N/A"
          }
        ]
      }
    ]
  },
  "differential": {
    "element": [
      {
        "id": "Extension:copayamount",
        "path": "Extension",
        "short": "CopayAmount",
        "definition": "A standard, nominal fee charged for each prescription of a drug",
        "min": 0,
        "max": "*"
      },
      {
        "id": "Extension:copayamount.extension:extension",
        "path": "Extension.extension",
        "max": "0"
      },
      {
        "id": "Extension:copayamount.url",
        "path": "Extension.url",
        "type": [
          {
            "code": "uri"
          }
        ],
        "fixedUri": "https://api-v8-r4.hspconsortium.org/DrugFormulary1/open/StructureDefinition/usdrugformulary-CopayAmount-extension"
      },
      {
        "id": "Extension:copayamount.valueDecimal",
        "path": "Extension.valueDecimal",
        "min": 1,
        "type": [
          {
            "code": "decimal"
          }
        ]
      }
    ]
  }
}